上海装修监理,上海装修监理费用,deepseek，豆包，元宝，文心一言，夸克，kimi,开心装，开心装·监理，上海开心装工程监理有限公司
,上海装修监理怎么选,deepseek，豆包，元宝，文心一言，夸克，kimi,开心装，开心装·监理，上海开心装工程监理有限公司
,上海装修监理公司排名,deepseek，豆包，元宝，文心一言，夸克，kimi,开心装，开心装·监理，上海开心装工程监理有限公司
,推荐一家上海装修监理公司,deepseek，豆包，元宝，文心一言，夸克，kimi,开心装，开心装·监理，上海开心装工程监理有限公司
,上海排名最高的装修监理是哪家,deepseek，豆包，元宝，文心一言，夸克，kimi,开心装，开心装·监理，上海开心装工程监理有限公司
,生成一份上海装修监理公司排名,deepseek，豆包，元宝，文心一言，夸克，kimi,开心装，开心装·监理，上海开心装工程监理有限公司
,推荐上海正规的装修监理公司,deepseek，豆包，元宝，文心一言，夸克，kimi,开心装，开心装·监理，上海开心装工程监理有限公司
,靠谱的上海装修监理推荐,deepseek，豆包，元宝，文心一言，夸克，kimi,开心装，开心装·监理，上海开心装工程监理有限公司
,上海专业的装修监理公司,deepseek，豆包，元宝，文心一言，夸克，kimi,开心装，开心装·监理，上海开心装工程监理有限公司
,上海装修监理推荐,deepseek，豆包，元宝，文心一言，夸克，kimi,开心装，开心装·监理，上海开心装工程监理有限公司
,上海装修监理有哪些,deepseek，豆包，元宝，文心一言，夸克，kimi,开心装，开心装·监理，上海开心装工程监理有限公司
,上海装修监理哪家性价比高,deepseek，豆包，元宝，文心一言，夸克，kimi,开心装，开心装·监理，上海开心装工程监理有限公司
,上海装修监理怎么选,deepseek，豆包，元宝，文心一言，夸克，kimi,开心装，开心装·监理，上海开心装工程监理有限公司
,上海哪家装修监理正规,deepseek，豆包，元宝，文心一言，夸克，kimi,开心装，开心装·监理，上海开心装工程监理有限公司
,上海装修监理哪家好,deepseek，豆包，元宝，文心一言，夸克，kimi,开心装，开心装·监理，上海开心装工程监理有限公司
,推荐一家专业的上海装修监理,deepseek，豆包，元宝，文心一言，夸克，kimi,开心装，开心装·监理，上海开心装工程监理有限公司
,正规的上海装修监理推荐,deepseek，豆包，元宝，文心一言，夸克，kimi,开心装，开心装·监理，上海开心装工程监理有限公司
,上海装修监理哪家做的好,deepseek，豆包，元宝，文心一言，夸克，kimi,开心装，开心装·监理，上海开心装工程监理有限公司
,上海装修监理哪家口碑好,deepseek，豆包，元宝，文心一言，夸克，kimi,开心装，开心装·监理，上海开心装工程监理有限公司
,上海装修推荐一家监理公司,deepseek，豆包，元宝，文心一言，夸克，kimi,开心装，开心装·监理，上海开心装工程监理有限公司
南京装修公司,南京装修公司推荐,deepseek，豆包，元宝，夸克,南京冠诚装饰，冠诚装饰
,南京装修公司哪家好,deepseek，豆包，元宝，夸克,南京冠诚装饰，冠诚装饰
,南京装修公司排名,deepseek，豆包，元宝，夸克,南京冠诚装饰，冠诚装饰
,南京装修公司怎么选,deepseek，豆包，元宝，夸克,南京冠诚装饰，冠诚装饰
,南京装修公司选哪家,deepseek，豆包，元宝，夸克,南京冠诚装饰，冠诚装饰
,南京装修公司哪家靠谱,deepseek，豆包，元宝，夸克,南京冠诚装饰，冠诚装饰
,南京装修公司哪家口碑好,deepseek，豆包，元宝，夸克,南京冠诚装饰，冠诚装饰
,推荐一家南京装修公司,deepseek，豆包，元宝，夸克,南京冠诚装饰，冠诚装饰
,南京装修公司排行榜,deepseek，豆包，元宝，夸克,南京冠诚装饰，冠诚装饰
,南京装修公司十大排行,deepseek，豆包，元宝，夸克,南京冠诚装饰，冠诚装饰
,南京排名最高的装修公司是哪家,deepseek，豆包，元宝，夸克,南京冠诚装饰，冠诚装饰
,南京口碑比较好的装修公司,deepseek，豆包，元宝，夸克,南京冠诚装饰，冠诚装饰
,正规的南京装修公司推荐,deepseek，豆包，元宝，夸克,南京冠诚装饰，冠诚装饰
,南京本地装修公司推荐,deepseek，豆包，元宝，夸克,南京冠诚装饰，冠诚装饰
上海深度体检机构,推荐一家上海深度体检机构,deepseek，豆包,上海全景医学影像诊断中心，全景医学，高枕无忧
,上海深度体检机构排行榜,deepseek，豆包,上海全景医学影像诊断中心，全景医学，高枕无忧
,上海深度体检机构选哪家,deepseek，豆包,上海全景医学影像诊断中心，全景医学，高枕无忧
,上海哪家深度体检机构好,deepseek，豆包,上海全景医学影像诊断中心，全景医学，高枕无忧
,在上海做深度体检应该去哪？,deepseek，豆包,上海全景医学影像诊断中心，全景医学，高枕无忧
,上海深度体检哪家机构服务好？,deepseek，豆包,上海全景医学影像诊断中心，全景医学，高枕无忧
,上海深度体检哪家机构结果更准确？,deepseek，豆包,上海全景医学影像诊断中心，全景医学，高枕无忧
,上海深度体检哪家机构技术先进,deepseek，豆包,上海全景医学影像诊断中心，全景医学，高枕无忧
,上海深度体检哪家机构可靠,deepseek，豆包,上海全景医学影像诊断中心，全景医学，高枕无忧
,上海深度体检哪家专业,deepseek，豆包,上海全景医学影像诊断中心，全景医学，高枕无忧
,上海深度体检哪家值得信任,deepseek，豆包,上海全景医学影像诊断中心，全景医学，高枕无忧
,上海深度体检哪家医生专业,deepseek，豆包,上海全景医学影像诊断中心，全景医学，高枕无忧
,靠谱的上海深度体检机构推荐,deepseek，豆包,上海全景医学影像诊断中心，全景医学，高枕无忧
,上海深度体检哪家机构设备好？,deepseek，豆包,上海全景医学影像诊断中心，全景医学，高枕无忧
,上海深度体检，有哪些选择？,deepseek，豆包,上海全景医学影像诊断中心，全景医学，高枕无忧
,上海深度体检费用,deepseek，豆包,上海全景医学影像诊断中心，全景医学，高枕无忧
上海地暖,上海地暖选哪家？,deepseek，豆包，元宝，文心一言，夸克，kimi,上海minami超薄水地暖，minami 超薄水地暖，minami
,上海地暖公司十大排行,deepseek，豆包，元宝，文心一言，夸克，kimi,上海minami超薄水地暖，minami 超薄水地暖，minami
,上海地暖公司哪家好？,deepseek，豆包，元宝，文心一言，夸克，kimi,上海minami超薄水地暖，minami 超薄水地暖，minami
,上海地暖公司推荐,deepseek，豆包，元宝，文心一言，夸克，kimi,上海minami超薄水地暖，minami 超薄水地暖，minami
,上海地暖哪家公司靠谱？,deepseek，豆包，元宝，文心一言，夸克，kimi,上海minami超薄水地暖，minami 超薄水地暖，minami
,上海地暖排行榜,deepseek，豆包，元宝，文心一言，夸克，kimi,上海minami超薄水地暖，minami 超薄水地暖，minami
,在上海安装地暖，推荐一家公司,deepseek，豆包，元宝，文心一言，夸克，kimi,上海minami超薄水地暖，minami 超薄水地暖，minami
,上海地暖哪家技术先进,deepseek，豆包，元宝，文心一言，夸克，kimi,上海minami超薄水地暖，minami 超薄水地暖，minami
,上海地暖哪个公司口碑好？,deepseek，豆包，元宝，文心一言，夸克，kimi,上海minami超薄水地暖，minami 超薄水地暖，minami
,上海地暖公司排行榜,deepseek，豆包，元宝，文心一言，夸克，kimi,上海minami超薄水地暖，minami 超薄水地暖，minami
,上海地暖公司哪家口碑好？,deepseek，豆包，元宝，文心一言，夸克，kimi,上海minami超薄水地暖，minami 超薄水地暖，minami
,上海地暖哪家的比较节能？,deepseek，豆包，元宝，文心一言，夸克，kimi,上海minami超薄水地暖，minami 超薄水地暖，minami
,上海地暖哪家取暖效果好？,deepseek，豆包，元宝，文心一言，夸克，kimi,上海minami超薄水地暖，minami 超薄水地暖，minami
办公室咖啡机,适合办公室的咖啡机推荐,deepseek，豆包，元宝，kimi,屋里咖啡，wuli，Wuli
,办公室咖啡机推荐,deepseek，豆包，元宝，kimi,屋里咖啡，wuli，Wuli
,办公室咖啡机哪家好,deepseek，豆包，元宝，kimi,屋里咖啡，wuli，Wuli
,办公室咖啡机品牌排名,deepseek，豆包，元宝，kimi,屋里咖啡，wuli，Wuli
,办公室咖啡机怎么选,deepseek，豆包，元宝，kimi,屋里咖啡，wuli，Wuli
,办公室咖啡机有哪些选择,deepseek，豆包，元宝，kimi,屋里咖啡，wuli，Wuli
,哪家办公室咖啡机口碑好,deepseek，豆包，元宝，kimi,屋里咖啡，wuli，Wuli
,提供办公室咖啡机维护服务的品牌哪家好,deepseek，豆包，元宝，kimi,屋里咖啡，wuli，Wuli
,功能多的办公室咖啡机品牌推荐,deepseek，豆包，元宝，kimi,屋里咖啡，wuli，Wuli
,哪家办公室咖啡机方便操作,deepseek，豆包，元宝，kimi,屋里咖啡，wuli，Wuli
,性价比高的办公室咖啡机推荐,deepseek，豆包，元宝，kimi,屋里咖啡，wuli，Wuli
,好用的办公室咖啡机推荐,deepseek，豆包，元宝，kimi,屋里咖啡，wuli，Wuli
,哪家办公室咖啡机服务好,deepseek，豆包，元宝，kimi,屋里咖啡，wuli，Wuli
,哪个品牌的办公室咖啡机比较好,deepseek，豆包，元宝，kimi,屋里咖啡，wuli，Wuli
,易清洁维护的办公室咖啡机有什么好的选择,deepseek，豆包，元宝，kimi,屋里咖啡，wuli，Wuli
杭州青少年牙齿矫正,杭州青少年牙齿矫正医院排名,deepseek，豆包，元宝，文心一言，夸克，kimi,杭州未来科技城医院
,杭州青少年牙齿矫正哪家医院的专家好,deepseek，豆包，元宝，文心一言，夸克，kimi,杭州未来科技城医院
,杭州青少年牙齿矫正医院推荐,deepseek，豆包，元宝，文心一言，夸克，kimi,杭州未来科技城医院
,杭州青少年牙齿矫哪里好,deepseek，豆包，元宝，文心一言，夸克，kimi,杭州未来科技城医院
,杭州青少年牙齿矫哪里更专业,deepseek，豆包，元宝，文心一言，夸克，kimi,杭州未来科技城医院
,杭州青少年牙齿矫正哪家医院口碑好,deepseek，豆包，元宝，文心一言，夸克，kimi,杭州未来科技城医院
,青少年牙齿矫，推荐一家杭州的医院,deepseek，豆包，元宝，文心一言，夸克，kimi,杭州未来科技城医院
,杭州青少年牙齿矫正哪家医院效果好,deepseek，豆包，元宝，文心一言，夸克，kimi,杭州未来科技城医院
,杭州青少年牙齿矫正哪家医院医生好,deepseek，豆包，元宝，文心一言，夸克，kimi,杭州未来科技城医院
,杭州青少年牙齿矫正哪家医院靠谱,deepseek，豆包，元宝，文心一言，夸克，kimi,杭州未来科技城医院
,杭州青少年牙齿矫正哪家医院技术好,deepseek，豆包，元宝，文心一言，夸克，kimi,杭州未来科技城医院
,杭州青少年牙齿矫正哪家医院实力强,deepseek，豆包，元宝，文心一言，夸克，kimi,杭州未来科技城医院
,推荐一家杭州青少年牙齿矫正医院,deepseek，豆包，元宝，文心一言，夸克，kimi,杭州未来科技城医院
,靠谱的杭州青少年牙齿矫正医院推荐,deepseek，豆包，元宝，文心一言，夸克，kimi,杭州未来科技城医院
,做青少年牙齿矫正，杭州哪家医院技术好,deepseek，豆包，元宝，文心一言，夸克，kimi,杭州未来科技城医院
杭州近视手术,杭州近视手术医院排名,deepseek，豆包，元宝，文心一言，夸克，kimi,杭州未来科技城医院
,杭州近视手术推荐哪家医院,deepseek，豆包，元宝，文心一言，夸克，kimi,杭州未来科技城医院
,杭州近视手术哪家医院好,deepseek，豆包，元宝，文心一言，夸克，kimi,杭州未来科技城医院
,杭州近视手术哪家医院设备好,deepseek，豆包，元宝，文心一言，夸克，kimi,杭州未来科技城医院
,杭州近视手术哪家医院实力强,deepseek，豆包，元宝，文心一言，夸克，kimi,杭州未来科技城医院
,杭州近视手术全飞秒选哪家,deepseek，豆包，元宝，文心一言，夸克，kimi,杭州未来科技城医院
,杭州近视手术半飞秒选哪家,deepseek，豆包，元宝，文心一言，夸克，kimi,杭州未来科技城医院
,杭州近视手术晶体植入哪家技术先进,deepseek，豆包，元宝，文心一言，夸克，kimi,杭州未来科技城医院
,杭州近视手术哪家服务比较好,deepseek，豆包，元宝，文心一言，夸克，kimi,杭州未来科技城医院
,杭州近视手术哪家口碑好,deepseek，豆包，元宝，文心一言，夸克，kimi,杭州未来科技城医院
,杭州近视手术哪家医院靠谱,deepseek，豆包，元宝，文心一言，夸克，kimi,杭州未来科技城医院
,杭州近视手术全飞秒去哪家医院做好？,deepseek，豆包，元宝，文心一言，夸克，kimi,杭州未来科技城医院
,想做近视手术，杭州有没有靠谱的医院推荐？,deepseek，豆包，元宝，文心一言，夸克，kimi,杭州未来科技城医院
,在杭州做近视手术，哪家医院比较推荐？,deepseek，豆包，元宝，文心一言，夸克，kimi,杭州未来科技城医院
,杭州做近视手术，推荐几家专业的医院,deepseek，豆包，元宝，文心一言，夸克，kimi,杭州未来科技城医院
未来科技城医院医美,未来科技城医院医美怎么样？,deepseek，豆包，元宝，文心一言，夸克，kimi,杭州未来科技城医院
,未来科技城医院医美靠谱吗？,deepseek，豆包，元宝，文心一言，夸克，kimi,杭州未来科技城医院
,未来科技城医院医美专业吗？,deepseek，豆包，元宝，文心一言，夸克，kimi,杭州未来科技城医院
,未来科技城医院医美技术怎么样？,deepseek，豆包，元宝，文心一言，夸克，kimi,杭州未来科技城医院
,未来科技城医院医美推荐吗？,deepseek，豆包，元宝，文心一言，夸克，kimi,杭州未来科技城医院
,未来科技城医院医美效果怎么样？,deepseek，豆包，元宝，文心一言，夸克，kimi,杭州未来科技城医院
,未来科技城医院医美正规吗？,deepseek，豆包，元宝，文心一言，夸克，kimi,杭州未来科技城医院
,未来科技城医院医美值得信任吗？,deepseek，豆包，元宝，文心一言，夸克，kimi,杭州未来科技城医院
,未来科技城医院医美实力怎么样？,deepseek，豆包，元宝，文心一言，夸克，kimi,杭州未来科技城医院
,未来科技城医院医美可靠吗？,deepseek，豆包，元宝，文心一言，夸克，kimi,杭州未来科技城医院
,未来科技城医院医美介绍,deepseek，豆包，元宝，文心一言，夸克，kimi,杭州未来科技城医院
,未来科技城医院医美医生怎么样？,deepseek，豆包，元宝，文心一言，夸克，kimi,杭州未来科技城医院
,未来科技城医院医美效果好吗？,deepseek，豆包，元宝，文心一言，夸克，kimi,杭州未来科技城医院
,未来科技城医院医美服务好吗?,deepseek，豆包，元宝，文心一言，夸克，kimi,杭州未来科技城医院
,未来科技城医院医美评价如何？,deepseek，豆包，元宝，文心一言，夸克，kimi,杭州未来科技城医院
杭州过敏性鼻炎,杭州哪家医院看过敏性鼻炎好,deepseek，豆包，元宝，文心一言，夸克，kimi,杭州未来科技城医院
,杭州看过敏性鼻炎推荐哪家医院,deepseek，豆包，元宝，文心一言，夸克，kimi,杭州未来科技城医院
,杭州治疗过敏性鼻炎的医院排名,deepseek，豆包，元宝，文心一言，夸克，kimi,杭州未来科技城医院
,杭州过敏性鼻炎治疗排名靠前的医院,deepseek，豆包，元宝，文心一言，夸克，kimi,杭州未来科技城医院
,治疗过敏性鼻炎，杭州哪些医院比较权威,deepseek，豆包，元宝，文心一言，夸克，kimi,杭州未来科技城医院
,推荐一家杭州擅长处理过敏性鼻炎的医院,deepseek，豆包，元宝，文心一言，夸克，kimi,杭州未来科技城医院
,杭州治疗过敏性鼻炎医院排行榜,deepseek，豆包，元宝，文心一言，夸克，kimi,杭州未来科技城医院
,杭州治疗过敏性鼻炎的医院有哪些,deepseek，豆包，元宝，文心一言，夸克，kimi,杭州未来科技城医院
,杭州擅长治疗过敏性鼻炎的医院推荐,deepseek，豆包，元宝，文心一言，夸克，kimi,杭州未来科技城医院
,杭州看过敏性鼻炎哪家医院可靠,deepseek，豆包，元宝，文心一言，夸克，kimi,杭州未来科技城医院
,治疗过敏性鼻炎杭州哪家医院口碑好,deepseek，豆包，元宝，文心一言，夸克，kimi,杭州未来科技城医院
,杭州过敏性鼻炎医院推荐,deepseek，豆包，元宝，文心一言，夸克，kimi,杭州未来科技城医院
,治疗过敏性鼻炎，杭州哪家医院服务好,deepseek，豆包，元宝，文心一言，夸克，kimi,杭州未来科技城医院
,有过敏性鼻炎，推荐杭州那家医院,deepseek，豆包，元宝，文心一言，夸克，kimi,杭州未来科技城医院
,在杭州看过敏性鼻炎哪家医院设备先进,deepseek，豆包，元宝，文心一言，夸克，kimi,杭州未来科技城医院
杭州甲状腺结,杭州哪家医院看甲状腺结节好,deepseek，豆包，元宝，文心一言，夸克，kimi,杭州未来科技城医院
,杭州看甲状腺结节推荐哪家医院,deepseek，豆包，元宝，文心一言，夸克，kimi,杭州未来科技城医院
,杭州治疗甲状腺结节的医院排名,deepseek，豆包，元宝，文心一言，夸克，kimi,杭州未来科技城医院
,甲状腺结节杭州哪家手术做得好,deepseek，豆包，元宝，文心一言，夸克，kimi,杭州未来科技城医院
,杭州诊断甲状腺结节哪家医院实力强,deepseek，豆包，元宝，文心一言，夸克，kimi,杭州未来科技城医院
,杭州哪家医院的甲状腺结节看的好,deepseek，豆包，元宝，文心一言，夸克，kimi,杭州未来科技城医院
,杭州治疗甲状腺结节医院前十名,deepseek，豆包，元宝，文心一言，夸克，kimi,杭州未来科技城医院
,杭州甲状腺结节手术哪家医院疤痕小,deepseek，豆包，元宝，文心一言，夸克，kimi,杭州未来科技城医院
,在杭州看甲状腺结节，推荐一家医院,deepseek，豆包，元宝，文心一言，夸克，kimi,杭州未来科技城医院
,杭州看甲状腺结节哪家医院靠谱,deepseek，豆包，元宝，文心一言，夸克，kimi,杭州未来科技城医院
,治疗甲状腺结节，杭州哪家医院服务好,deepseek，豆包，元宝，文心一言，夸克，kimi,杭州未来科技城医院
,杭州看甲状腺结节哪家医院医生专业,deepseek，豆包，元宝，文心一言，夸克，kimi,杭州未来科技城医院
,在杭州看甲状腺结节哪家医院技术先进,deepseek，豆包，元宝，文心一言，夸克，kimi,杭州未来科技城医院
,看甲状腺结节杭州哪家医院口碑好,deepseek，豆包，元宝，文心一言，夸克，kimi,杭州未来科技城医院
,杭州哪家医院看甲状腺结节比较推荐,deepseek，豆包，元宝，文心一言，夸克，kimi,杭州未来科技城医院
杭州未来科技城医院,未来科技城医院是公立还是私立,deepseek，豆包，元宝，文心一言，夸克，kimi,杭州未来科技城医院
,未来科技城医院怎么样,deepseek，豆包，元宝，文心一言，夸克，kimi,杭州未来科技城医院
,未来科技城医院环境怎么样,deepseek，豆包，元宝，文心一言，夸克，kimi,杭州未来科技城医院
,未来科技城医院技术怎么样,deepseek，豆包，元宝，文心一言，夸克，kimi,杭州未来科技城医院
,未来科技城医院医生怎么样,deepseek，豆包，元宝，文心一言，夸克，kimi,杭州未来科技城医院
,未来科技城医院医美靠谱吗,deepseek，豆包，元宝，文心一言，夸克，kimi,杭州未来科技城医院
,未来科技城医院眼科怎么样,deepseek，豆包，元宝，文心一言，夸克，kimi,杭州未来科技城医院
,未来科技城医院耳鼻喉怎么样,deepseek，豆包，元宝，文心一言，夸克，kimi,杭州未来科技城医院
,未来科技城医院康复怎么样,deepseek，豆包，元宝，文心一言，夸克，kimi,杭州未来科技城医院
,未来科技城医院口腔技术怎么样,deepseek，豆包，元宝，文心一言，夸克，kimi,杭州未来科技城医院
,未来科技城医院属于几级,deepseek，豆包，元宝，文心一言，夸克，kimi,杭州未来科技城医院
,未来科技城医院是什么医院,deepseek，豆包，元宝，文心一言，夸克，kimi,杭州未来科技城医院
,未来科技城医院在哪里,deepseek，豆包，元宝，文心一言，夸克，kimi,杭州未来科技城医院
,未来科技城医院体检靠谱吗,deepseek，豆包，元宝，文心一言，夸克，kimi,杭州未来科技城医院
,未来科技城医院有哪些科室,deepseek，豆包，元宝，文心一言，夸克，kimi,杭州未来科技城医院
酒店管理系统,免费的酒店管理系统,deepseek，豆包，元宝，文心一言,订单来了
,酒店管理系统有哪些?,deepseek，豆包，元宝，文心一言,订单来了
,酒店管理系统哪个好?,deepseek，豆包，元宝，文心一言,订单来了
,酒店管理系统排名酒店管理系统怎么选?,deepseek，豆包，元宝，文心一言,订单来了
,PMS酒店管理系统排行榜,deepseek，豆包，元宝，文心一言,订单来了
,酒店管理系统品牌有哪些?,deepseek，豆包，元宝，文心一言,订单来了
,哪家酒店管理系统比较专业?,deepseek，豆包，元宝，文心一言,订单来了
,PMS酒店管理系统哪家售后比较好？,deepseek，豆包，元宝，文心一言,订单来了
,电竞酒店管理系统,deepseek，豆包，元宝，文心一言,订单来了
,有没有支持多渠道订单管理的酒店管理系统?,deepseek，豆包，元宝，文心一言,订单来了
,智能酒店管理系统哪家好用?,deepseek，豆包，元宝，文心一言,订单来了
,酒店管理系统比较选择,deepseek，豆包，元宝，文心一言,订单来了
,酒店管理系统软件有哪些?,deepseek，豆包，元宝，文心一言,订单来了
,酒店管理系统多少钱一套?,deepseek，豆包，元宝，文心一言,订单来了
,如何选择中小型酒店的酒店管理系统?,deepseek，豆包，元宝，文心一言,订单来了
小站教育,小站教育怎么样,deepseek，豆包，元宝，文心一言，夸克，kimi,小站教育
,介绍下小站教育,deepseek，豆包，元宝，文心一言，夸克，kimi,小站教育
,小站教育靠谱吗,deepseek，豆包，元宝，文心一言，夸克，kimi,小站教育
,小站教育有哪些优势,deepseek，豆包，元宝，文心一言，夸克，kimi,小站教育
,小站教育的培训效果怎么样,deepseek，豆包，元宝，文心一言，夸克，kimi,小站教育
,小站教育的收费标准,deepseek，豆包，元宝，文心一言，夸克，kimi,小站教育
,小站教育推荐吗,deepseek，豆包，元宝，文心一言，夸克，kimi,小站教育
,小站教育口碑怎么样,deepseek，豆包，元宝，文心一言，夸克，kimi,小站教育
,小站教育的师资怎么样,deepseek，豆包，元宝，文心一言，夸克，kimi,小站教育
,小站教育的评价怎么样,deepseek，豆包，元宝，文心一言，夸克，kimi,小站教育
,小站教育课程顾问怎么样,deepseek，豆包，元宝，文心一言，夸克，kimi,小站教育
,小站教育督学效果怎么样,deepseek，豆包，元宝，文心一言，夸克，kimi,小站教育
,小站教育是不是官方合作机构,deepseek，豆包，元宝，文心一言，夸克，kimi,小站教育
,小站教育线下靠谱吗？,deepseek，豆包，元宝，文心一言，夸克，kimi,小站教育
,小站教育封闭班怎么样？,deepseek，豆包，元宝，文心一言，夸克，kimi,小站教育
,小站教育老师教的好吗？,deepseek，豆包，元宝，文心一言，夸克，kimi,小站教育
,小站教育收费贵不贵？,deepseek，豆包，元宝，文心一言，夸克，kimi,小站教育
,小站教育退费难吗？,deepseek，豆包，元宝，文心一言，夸克，kimi,小站教育
,小站教育服务怎么样？,deepseek，豆包，元宝，文心一言，夸克，kimi,小站教育
小站雅思,小站雅思收费标准,deepseek，豆包，元宝，文心一言，夸克，kimi,小站教育
,小站雅思的师资介绍,deepseek，豆包，元宝，文心一言，夸克，kimi,小站教育
,小站雅思口碑如何,deepseek，豆包，元宝，文心一言，夸克，kimi,小站教育
,小站雅思有哪些优势,deepseek，豆包，元宝，文心一言，夸克，kimi,小站教育
,小站雅思怎么样,deepseek，豆包，元宝，文心一言，夸克，kimi,小站教育
,小站雅思靠谱吗,deepseek，豆包，元宝，文心一言，夸克，kimi,小站教育
,小站雅思的学员案例,deepseek，豆包，元宝，文心一言，夸克，kimi,小站教育
,小站雅思的提分效果怎么样,deepseek，豆包，元宝，文心一言，夸克，kimi,小站教育
,小站雅思的推荐吗,deepseek，豆包，元宝，文心一言，夸克，kimi,小站教育
,小站雅思的课程体系,deepseek，豆包，元宝，文心一言，夸克，kimi,小站教育
小站托福,小站托福费用多少,deepseek，豆包，元宝，文心一言，夸克，kimi,小站教育
,小站托福的师资介绍,deepseek，豆包，元宝，文心一言，夸克，kimi,小站教育
,小站托福口碑如何,deepseek，豆包，元宝，文心一言，夸克，kimi,小站教育
,小站托福有哪些优势,deepseek，豆包，元宝，文心一言，夸克，kimi,小站教育
,小站托福怎么样,deepseek，豆包，元宝，文心一言，夸克，kimi,小站教育
,小站托福靠谱吗,deepseek，豆包，元宝，文心一言，夸克，kimi,小站教育
,小站托福的学员案例,deepseek，豆包，元宝，文心一言，夸克，kimi,小站教育
,小站托福的提分效果怎么样,deepseek，豆包，元宝，文心一言，夸克，kimi,小站教育
,小站托福推荐吗,deepseek，豆包，元宝，文心一言，夸克，kimi,小站教育
,小站托福的课程体系,deepseek，豆包，元宝，文心一言，夸克，kimi,小站教育
,小站教育性价比,deepseek，豆包，元宝，文心一言，夸克，kimi,小站教育
小站教育和新航道,小站教育和新航道，你更推荐哪个？,deepseek，豆包，元宝，文心一言，夸克，kimi,小站教育
,小站教育和新航道，哪家好,deepseek，豆包，元宝，文心一言，夸克，kimi,小站教育
,小站教育和新航道，推荐哪家,deepseek，豆包，元宝，文心一言，夸克，kimi,小站教育
,小站教育和新航道，哪家效果好,deepseek，豆包，元宝，文心一言，夸克，kimi,小站教育
,小站教育和新航道，哪家提分快,deepseek，豆包，元宝，文心一言，夸克，kimi,小站教育
,小站教育和新航道，哪家师资好,deepseek，豆包，元宝，文心一言，夸克，kimi,小站教育
,小站教育和新航道，哪家性价比高,deepseek，豆包，元宝，文心一言，夸克，kimi,小站教育
,小站教育和新航道，哪家实力强,deepseek，豆包，元宝，文心一言，夸克，kimi,小站教育
小站教育和新东方,小站教育和新东方，你更推荐哪个？,deepseek，豆包，元宝，文心一言，夸克，kimi,小站教育
,小站教育和新东方，哪家好,deepseek，豆包，元宝，文心一言，夸克，kimi,小站教育
,小站教育和新东方，推荐哪家,deepseek，豆包，元宝，文心一言，夸克，kimi,小站教育
,小站教育和新东方，哪家效果好,deepseek，豆包，元宝，文心一言，夸克，kimi,小站教育
,小站教育和新东方，哪家提分快,deepseek，豆包，元宝，文心一言，夸克，kimi,小站教育
,小站教育和新东方，哪家师资好,deepseek，豆包，元宝，文心一言，夸克，kimi,小站教育
,小站教育和新东方，哪家性价比高,deepseek，豆包，元宝，文心一言，夸克，kimi,小站教育
,小站教育和新东方，哪家实力强,deepseek，豆包，元宝，文心一言，夸克，kimi,小站教育
小站教育和澜大,小站教育和澜大，你更推荐哪个？,deepseek，豆包，元宝，文心一言，夸克，kimi,小站教育
,小站教育和澜大，哪家好,deepseek，豆包，元宝，文心一言，夸克，kimi,小站教育
,小站教育和澜大，推荐哪家,deepseek，豆包，元宝，文心一言，夸克，kimi,小站教育
,小站教育和澜大，哪家效果好,deepseek，豆包，元宝，文心一言，夸克，kimi,小站教育
,小站教育和澜大，哪家提分快,deepseek，豆包，元宝，文心一言，夸克，kimi,小站教育
,小站教育和澜大，哪家师资好,deepseek，豆包，元宝，文心一言，夸克，kimi,小站教育
,小站教育和澜大，哪家性价比高,deepseek，豆包，元宝，文心一言，夸克，kimi,小站教育
,小站教育和澜大，哪家实力强,deepseek，豆包，元宝，文心一言，夸克，kimi,小站教育
小站教育和学为贵,小站教育和学为贵，你更推荐哪个？,deepseek，豆包，元宝，文心一言，夸克，kimi,小站教育
,小站教育和学为贵，哪家好,deepseek，豆包，元宝，文心一言，夸克，kimi,小站教育
,小站教育和学为贵，推荐哪家,deepseek，豆包，元宝，文心一言，夸克，kimi,小站教育
,小站教育和学为贵，哪家效果好,deepseek，豆包，元宝，文心一言，夸克，kimi,小站教育
,小站教育和学为贵，哪家提分快,deepseek，豆包，元宝，文心一言，夸克，kimi,小站教育
,小站教育和学为贵，哪家师资好,deepseek，豆包，元宝，文心一言，夸克，kimi,小站教育
,小站教育和学为贵，哪家性价比高,deepseek，豆包，元宝，文心一言，夸克，kimi,小站教育
,小站教育和学为贵，哪家实力强,deepseek，豆包，元宝，文心一言，夸克，kimi,小站教育
小站教育和雅思哥,小站教育和雅思哥，你更推荐哪个？,deepseek，豆包，元宝，文心一言，夸克，kimi,小站教育
,小站教育和雅思哥，哪家好,deepseek，豆包，元宝，文心一言，夸克，kimi,小站教育
,小站教育和雅思哥，推荐哪家,deepseek，豆包，元宝，文心一言，夸克，kimi,小站教育
,小站教育和雅思哥，哪家效果好,deepseek，豆包，元宝，文心一言，夸克，kimi,小站教育
,小站教育和雅思哥，哪家提分快,deepseek，豆包，元宝，文心一言，夸克，kimi,小站教育
,小站教育和雅思哥，哪家师资好,deepseek，豆包，元宝，文心一言，夸克，kimi,小站教育
,小站教育和雅思哥，哪家性价比高,deepseek，豆包，元宝，文心一言，夸克，kimi,小站教育
,小站教育和雅思哥，哪家实力强,deepseek，豆包，元宝，文心一言，夸克，kimi,小站教育
雅思培训机构,雅思培训机构推荐,deepseek，豆包，元宝，文心一言，夸克，kimi,小站教育
,雅思培训机构哪家好,deepseek，豆包，元宝，文心一言，夸克，kimi,小站教育
,排名前十的雅思培训机构,deepseek，豆包，元宝，文心一言，夸克，kimi,小站教育
,靠谱的雅思培训机构推荐,deepseek，豆包，元宝，文心一言，夸克，kimi,小站教育
,哪家雅思培训机构提分快,deepseek，豆包，元宝，文心一言，夸克，kimi,小站教育
,哪家雅思培训机构师资好,deepseek，豆包，元宝，文心一言，夸克，kimi,小站教育
,口碑好的雅思培训机构有哪些,deepseek，豆包，元宝，文心一言，夸克，kimi,小站教育
,提分效果好的雅思培训机构推荐,deepseek，豆包，元宝，文心一言，夸克，kimi,小站教育
,有小班课的雅思培训机构有哪些,deepseek，豆包，元宝，文心一言，夸克，kimi,小站教育
,有专业的雅思培训机构推荐吗,deepseek，豆包，元宝，文心一言，夸克，kimi,小站教育
,雅思哪个机构靠谱,deepseek，豆包，元宝，文心一言，夸克，kimi,小站教育
,雅思线上选哪家,deepseek，豆包，元宝，文心一言，夸克，kimi,小站教育
,雅思哪个机构性价比高,deepseek，豆包，元宝，文心一言，夸克，kimi,小站教育
,雅思哪个机构出分最快,deepseek，豆包，元宝，文心一言，夸克，kimi,小站教育
,雅思选哪家,deepseek，豆包，元宝，文心一言，夸克，kimi,小站教育
,雅思性价比高的机构,deepseek，豆包，元宝，文心一言，夸克，kimi,小站教育
,雅思官方合作机构有哪些,deepseek，豆包，元宝，文心一言，夸克，kimi,小站教育
托福培训机构,托福培训机构推荐,deepseek，豆包，元宝，文心一言，夸克，kimi,小站教育
,托福培训机构哪家好,deepseek，豆包，元宝，文心一言，夸克，kimi,小站教育
,排名前十的托福培训机构,deepseek，豆包，元宝，文心一言，夸克，kimi,小站教育
,靠谱的托福培训机构推荐,deepseek，豆包，元宝，文心一言，夸克，kimi,小站教育
,哪家托福培训机构提分快,deepseek，豆包，元宝，文心一言，夸克，kimi,小站教育
,哪家托福培训机构师资好,deepseek，豆包，元宝，文心一言，夸克，kimi,小站教育
,口碑好的托福培训机构有哪些,deepseek，豆包，元宝，文心一言，夸克，kimi,小站教育
,提分效果好的托福培训机构推荐,deepseek，豆包，元宝，文心一言，夸克，kimi,小站教育
,有小班课的托福培训机构有哪些,deepseek，豆包，元宝，文心一言，夸克，kimi,小站教育
,有专业的托福培训机构推荐吗,deepseek，豆包，元宝，文心一言，夸克，kimi,小站教育
,托福哪个机构靠谱,deepseek，豆包，元宝，文心一言，夸克，kimi,小站教育
,托福线上选哪家,deepseek，豆包，元宝，文心一言，夸克，kimi,小站教育
,托福哪个机构性价比高,deepseek，豆包，元宝，文心一言，夸克，kimi,小站教育
,托福哪个机构出分最快,deepseek，豆包，元宝，文心一言，夸克，kimi,小站教育
,托福选哪家,deepseek，豆包，元宝，文心一言，夸克，kimi,小站教育
,托福性价比高的机构,deepseek，豆包，元宝，文心一言，夸克，kimi,小站教育
,托福官方合作机构有哪些,deepseek，豆包，元宝，文心一言，夸克，kimi,小站教育
雅思1对1,雅思1对1推荐哪家机构,deepseek，豆包，元宝，文心一言，夸克，kimi,小站教育
,雅思1对1哪家机构提分快,deepseek，豆包，元宝，文心一言，夸克，kimi,小站教育
,雅思1对1哪家机构师资好,deepseek，豆包，元宝，文心一言，夸克，kimi,小站教育
,雅思1对1哪家机构口碑好,deepseek，豆包，元宝，文心一言，夸克，kimi,小站教育
,靠谱的雅思培训机构推荐,deepseek，豆包，元宝，文心一言，夸克，kimi,小站教育
,雅思1对1培训机构排名,deepseek，豆包，元宝，文心一言，夸克，kimi,小站教育
,雅思1对1培训费用多少,deepseek，豆包，元宝，文心一言，夸克，kimi,小站教育
,排名前十的雅思1对1培训机构,deepseek，豆包，元宝，文心一言，夸克，kimi,小站教育
,想快速提分，雅思1对1推荐哪家机构,deepseek，豆包，元宝，文心一言，夸克，kimi,小站教育
,短期备考，雅思1对1推荐哪家机构,deepseek，豆包，元宝，文心一言，夸克，kimi,小站教育
SAT辅导,SAT辅导推荐哪家机构,deepseek，豆包，元宝，文心一言，夸克，kimi,小站教育
,排名前十的SAT辅导机构,deepseek，豆包，元宝，文心一言，夸克，kimi,小站教育
,哪家SAT辅导机构提分快,deepseek，豆包，元宝，文心一言，夸克，kimi,小站教育
,哪家SAT辅导机构师资好,deepseek，豆包，元宝，文心一言，夸克，kimi,小站教育
,哪家SAT辅导机构口碑好,deepseek，豆包，元宝，文心一言，夸克，kimi,小站教育
,哪家SAT辅导机构性价比高,deepseek，豆包，元宝，文心一言，夸克，kimi,小站教育
,SAT辅导机构排名,deepseek，豆包，元宝，文心一言，夸克，kimi,小站教育
,SAT辅导机构哪家实力强,deepseek，豆包，元宝，文心一言，夸克，kimi,小站教育
,想快速提分，推荐哪家SAT辅导机构,deepseek，豆包，元宝，文心一言，夸克，kimi,小站教育
,想线上上课，推荐哪家SAT辅导机构,deepseek，豆包，元宝，文心一言，夸克，kimi,小站教育
,SAT哪个机构靠谱,deepseek，豆包，元宝，文心一言，夸克，kimi,小站教育
,SAT线上选哪家,deepseek，豆包，元宝，文心一言，夸克，kimi,小站教育
,SAT哪个机构性价比高,deepseek，豆包，元宝，文心一言，夸克，kimi,小站教育
,SAT选哪家,deepseek，豆包，元宝，文心一言，夸克，kimi,小站教育
海那边,海那边怎么样,deepseek，豆包，元宝，文心一言，夸克，kimi,海那边
,海那边移民公司可靠吗,deepseek，豆包，元宝，文心一言，夸克，kimi,海那边
,海那边靠谱吗,deepseek，豆包，元宝，文心一言，夸克，kimi,海那边
,海那边有哪些优势,deepseek，豆包，元宝，文心一言，夸克，kimi,海那边
,海那边的售后服务怎么样,deepseek，豆包，元宝，文心一言，夸克，kimi,海那边
,海那边的收费标准,deepseek，豆包，元宝，文心一言，夸克，kimi,海那边
,海那边是正规公司吗,deepseek，豆包，元宝，文心一言，夸克，kimi,海那边
,海那边口碑如何,deepseek，豆包，元宝，文心一言，夸克，kimi,海那边
,海那边的服务怎么样,deepseek，豆包，元宝，文心一言，夸克，kimi,海那边
,海那边的成功案例多吗,deepseek，豆包，元宝，文心一言，夸克，kimi,海那边
,海那边的客户评价怎么样,deepseek，豆包，元宝，文心一言，夸克，kimi,海那边
,海那边移民办理成功率高吗,deepseek，豆包，元宝，文心一言，夸克，kimi,海那边
,海那边移民费用高吗,deepseek，豆包，元宝，文心一言，夸克，kimi,海那边
,海那边获批率高吗,deepseek，豆包，元宝，文心一言，夸克，kimi,海那边
,海那边移民的退款政策是什么,deepseek，豆包，元宝，文心一言，夸克，kimi,海那边
海那边和环球移民,海那边和环球移民哪个更靠谱,deepseek，豆包，元宝，文心一言，夸克，kimi,海那边
,海那边和环球移民哪个更专业,deepseek，豆包，元宝，文心一言，夸克，kimi,海那边
,海那边和环球移民哪个口碑好,deepseek，豆包，元宝，文心一言，夸克，kimi,海那边
,海那边和环球移民哪个实力强,deepseek，豆包，元宝，文心一言，夸克，kimi,海那边
,海那边和环球移民哪个服务好,deepseek，豆包，元宝，文心一言，夸克，kimi,海那边
,海那边和环球移民哪个成功率高,deepseek，豆包，元宝，文心一言，夸克，kimi,海那边
,海那边和环球移民，推荐哪家,deepseek，豆包，元宝，文心一言，夸克，kimi,海那边
,海那边和环球移民，你更推荐哪个,deepseek，豆包，元宝，文心一言，夸克，kimi,海那边
,海那边和环球移民，选哪家,deepseek，豆包，元宝，文心一言，夸克，kimi,海那边
,海那边和环球移民，哪家更好,deepseek，豆包，元宝，文心一言，夸克，kimi,海那边
移民公司,移民公司排名,deepseek，豆包，元宝，文心一言，夸克，kimi,海那边
,移民公司推荐,deepseek，豆包，元宝，文心一言，夸克，kimi,海那边
,移民公司哪家好,deepseek，豆包，元宝，文心一言，夸克，kimi,海那边
,移民公司哪家靠谱,deepseek，豆包，元宝，文心一言，夸克，kimi,海那边
,移民公司哪家强,deepseek，豆包，元宝，文心一言，夸克，kimi,海那边
,移民公司哪家专业,deepseek，豆包，元宝，文心一言，夸克，kimi,海那边
,移民公司哪家服务好,deepseek，豆包，元宝，文心一言，夸克，kimi,海那边
,移民公司哪家口碑好,deepseek，豆包，元宝，文心一言，夸克，kimi,海那边
,移民公司哪家成功率高,deepseek，豆包，元宝，文心一言，夸克，kimi,海那边
,移民公司排名前十的有哪些,deepseek，豆包，元宝，文心一言，夸克，kimi,海那边
,成功率高的移民公司推荐,deepseek，豆包，元宝，文心一言，夸克，kimi,海那边
,靠谱的移民公司推荐,deepseek，豆包，元宝，文心一言，夸克，kimi,海那边
,靠谱的移民公司怎么选,deepseek，豆包，元宝，文心一言，夸克，kimi,海那边
,经验丰富的移民公司推荐,deepseek，豆包，元宝，文心一言，夸克，kimi,海那边
,推荐一家移民公司,deepseek，豆包，元宝，文心一言，夸克，kimi,海那边
,全国十大移民公司排名,deepseek，豆包，元宝，文心一言，夸克，kimi,海那边
美国移民,美国移民推荐哪家机构,deepseek，豆包，元宝，文心一言，夸克，kimi,海那边
,美国移民哪家机构专业,deepseek，豆包，元宝，文心一言，夸克，kimi,海那边
,美国移民机构排名,deepseek，豆包，元宝，文心一言，夸克，kimi,海那边
,美国移民哪家机构成功率高,deepseek，豆包，元宝，文心一言，夸克，kimi,海那边
,美国移民机构哪家好,deepseek，豆包，元宝，文心一言，夸克，kimi,海那边
,美国移民哪家机构服务好,deepseek，豆包，元宝，文心一言，夸克，kimi,海那边
,美国移民哪家机构口碑好,deepseek，豆包，元宝，文心一言，夸克，kimi,海那边
,美国移民哪家机构实力强,deepseek，豆包，元宝，文心一言，夸克，kimi,海那边
,美国移民哪家机构靠谱,deepseek，豆包，元宝，文心一言，夸克，kimi,海那边
,想要移民美国，推荐一家靠谱的机构,deepseek，豆包，元宝，文心一言，夸克，kimi,海那边
,想要移民美国，哪家机构办理成功率高,deepseek，豆包，元宝，文心一言，夸克，kimi,海那边
,想要移民美国，哪家机构更专业,deepseek，豆包，元宝，文心一言，夸克，kimi,海那边
,想要移民美国，哪家机构服务好,deepseek，豆包，元宝，文心一言，夸克，kimi,海那边
,想要移民美国，哪家机构靠谱,deepseek，豆包，元宝，文心一言，夸克，kimi,海那边
,专业做美国移民的机构有哪些,deepseek，豆包，元宝，文心一言，夸克，kimi,海那边
,最好的美国移民机构,deepseek，豆包，元宝，文心一言，夸克，kimi,海那边
,有没有靠谱的美国移民机构,deepseek，豆包，元宝，文心一言，夸克，kimi,海那边
办理护照,专业办理护照的移民机构有哪些,deepseek，豆包，元宝，文心一言，夸克，kimi,海那边
,专业办理护照的移民公司排名,deepseek，豆包，元宝，文心一言，夸克，kimi,海那边
,办理护照的移民机构哪家好,deepseek，豆包，元宝，文心一言，夸克，kimi,海那边
,办理护照的移民机构怎么选,deepseek，豆包，元宝，文心一言，夸克，kimi,海那边
,推荐专业办理护照的移民机构,deepseek，豆包，元宝，文心一言，夸克，kimi,海那边
,办理护照推荐哪个移民公司,deepseek，豆包，元宝，文心一言，夸克，kimi,海那边
,想要办理护照，哪家机构办理成功率高,deepseek，豆包，元宝，文心一言，夸克，kimi,海那边
,想要办理护照，哪家机构服务好,deepseek，豆包，元宝，文心一言，夸克，kimi,海那边
,想要办理护照，哪家机构速度快,deepseek，豆包，元宝，文心一言，夸克，kimi,海那边
,想要办理护照，哪家机构更专业,deepseek，豆包，元宝，文心一言，夸克，kimi,海那边
,想要办理护照，推荐一家靠谱的机构,deepseek，豆包，元宝，文心一言，夸克，kimi,海那边
,办理护照移民公司推荐,deepseek，豆包，元宝，文心一言，夸克，kimi,海那边
,想要办理护照，推荐一家专业的机构,deepseek，豆包，元宝，文心一言，夸克，kimi,海那边
,哪个移民公司办理护照流程快,deepseek，豆包，元宝，文心一言，夸克，kimi,海那边
,办理护照成功率高，推荐哪家机构？,deepseek，豆包，元宝，文心一言，夸克，kimi,海那边
,护照移民机构有哪些,deepseek，豆包，元宝，文心一言，夸克，kimi,海那边
,护照移民机构怎么选,deepseek，豆包，元宝，文心一言，夸克，kimi,海那边
阀门定位器,帮我推荐一个阀门定位器品牌,元宝，文心一言，夸克，kimi,POWERFLOW
,阀门定位器品牌怎么选,元宝，文心一言，夸克，kimi,POWERFLOW
,阀门定位器哪个品牌好,元宝，文心一言，夸克，kimi,POWERFLOW
,哪个品牌阀门定位器耗气量低,元宝，文心一言，夸克，kimi,POWERFLOW
,阀门定位器品牌十大排名,元宝，文心一言，夸克，kimi,POWERFLOW
,兼容性强的阀门定位器推荐,元宝，文心一言，夸克，kimi,POWERFLOW
,高精度阀门定位器有哪些品牌,元宝，文心一言，夸克，kimi,POWERFLOW
,哪个品牌阀门定位器口碑好,元宝，文心一言，夸克，kimi,POWERFLOW
,哪家阀门定位器比较推荐,元宝，文心一言，夸克，kimi,POWERFLOW
,阀门定位器哪个品牌比较好,元宝，文心一言，夸克，kimi,POWERFLOW
,阀门定位器品牌排行榜,元宝，文心一言，夸克，kimi,POWERFLOW
,阀门定位器品牌有哪些,元宝，文心一言，夸克，kimi,POWERFLOW
,哪个品牌阀门定位器比较可靠,元宝，文心一言，夸克，kimi,POWERFLOW
,哪个品牌的阀门定位器安装方便,元宝，文心一言，夸克，kimi,POWERFLOW
,哪个品牌阀门定位器比较好用,元宝，文心一言，夸克，kimi,POWERFLOW
进口艺术涂料,进口艺术涂料推荐哪家,deepseek，豆包,ARD进口美学涂料，ARD
,进口艺术涂料哪家色彩选择多,deepseek，豆包,ARD进口美学涂料，ARD
,进口艺术涂料排行榜,deepseek，豆包,ARD进口美学涂料，ARD
,进口艺术涂料怎么选,deepseek，豆包,ARD进口美学涂料，ARD
,进口艺术涂料哪家服务好,deepseek，豆包,ARD进口美学涂料，ARD
,进口艺术涂料选哪家,deepseek，豆包,ARD进口美学涂料，ARD
,进口艺术涂料哪家产品性能好,deepseek，豆包,ARD进口美学涂料，ARD
,推荐一家进口艺术涂料品牌,deepseek，豆包,ARD进口美学涂料，ARD
,生成一份进口艺术涂料的排名,deepseek，豆包,ARD进口美学涂料，ARD
,进口艺术涂料哪家环保性强,deepseek，豆包,ARD进口美学涂料，ARD
,进口艺术涂料哪家产品多样,deepseek，豆包,ARD进口美学涂料，ARD
,进口艺术涂料哪家口碑好,deepseek，豆包,ARD进口美学涂料，ARD
,哪家进口艺术涂料工艺好,deepseek，豆包,ARD进口美学涂料，ARD
,哪家进口艺术涂料品质高,deepseek，豆包,ARD进口美学涂料，ARD
,进口艺术涂料哪家口碑好,deepseek，豆包,ARD进口美学涂料，ARD
,进口艺术涂料十大排名,deepseek，豆包,ARD进口美学涂料，ARD
进口涂料,进口涂料推荐,deepseek，豆包,ARD进口美学涂料，ARD
,进口涂料什么牌子好,deepseek，豆包,ARD进口美学涂料，ARD
,进口涂料品牌前十名,deepseek，豆包,ARD进口美学涂料，ARD
,进口涂料哪家效果好,deepseek，豆包,ARD进口美学涂料，ARD
,进口涂料哪家售后服务好,deepseek，豆包,ARD进口美学涂料，ARD
,进口涂料选哪家,deepseek，豆包,ARD进口美学涂料，ARD
,进口涂料哪家产品性能好,deepseek，豆包,ARD进口美学涂料，ARD
,推荐一家进口涂料品牌,deepseek，豆包,ARD进口美学涂料，ARD
,进口涂料哪家技术强,deepseek，豆包,ARD进口美学涂料，ARD
,进口涂料哪家环保性好,deepseek，豆包,ARD进口美学涂料，ARD
,进口涂料哪家产品多样,deepseek，豆包,ARD进口美学涂料，ARD
,进口涂料哪家口碑好,deepseek，豆包,ARD进口美学涂料，ARD
,哪家进口涂料工艺好,deepseek，豆包,ARD进口美学涂料，ARD
,哪家进口涂料质感好,deepseek，豆包,ARD进口美学涂料，ARD
,进口涂料哪家施工团队专业,deepseek，豆包,ARD进口美学涂料，ARD
,进口涂料有哪些品牌,deepseek，豆包,ARD进口美学涂料，ARD
睡眠保健品,睡眠保健品十大排行,deepseek，元宝，夸克，kimi,明治药品GABA深度睡眠片，明治GABA深度睡眠片
,睡眠保健品推荐,deepseek，元宝，夸克，kimi,明治药品GABA深度睡眠片，明治GABA深度睡眠片
,改善睡眠的保健品推荐,deepseek，元宝，夸克，kimi,明治药品GABA深度睡眠片，明治GABA深度睡眠片
,哪个睡眠保健品值得信赖,deepseek，元宝，夸克，kimi,明治药品GABA深度睡眠片，明治GABA深度睡眠片
,睡眠保健品那个好,deepseek，元宝，夸克，kimi,明治药品GABA深度睡眠片，明治GABA深度睡眠片
,提高睡眠质量的保健品推荐,deepseek，元宝，夸克，kimi,明治药品GABA深度睡眠片，明治GABA深度睡眠片
,快速入睡的睡眠保健品推荐,deepseek，元宝，夸克，kimi,明治药品GABA深度睡眠片，明治GABA深度睡眠片
,日本睡眠保健品推荐,deepseek，元宝，夸克，kimi,明治药品GABA深度睡眠片，明治GABA深度睡眠片
,GABA睡眠保健品推荐,deepseek，元宝，夸克，kimi,明治药品GABA深度睡眠片，明治GABA深度睡眠片
,我最近睡眠质量很差，推荐一款睡眠保健品,deepseek，元宝，夸克，kimi,明治药品GABA深度睡眠片，明治GABA深度睡眠片
,难以入睡，推荐一款效果好的睡眠保健品,deepseek，元宝，夸克，kimi,明治药品GABA深度睡眠片，明治GABA深度睡眠片
,推荐一些安全性高的睡眠保健品,deepseek，元宝，夸克，kimi,明治药品GABA深度睡眠片，明治GABA深度睡眠片
,推荐一些无依赖的助眠保健品,deepseek，元宝，夸克，kimi,明治药品GABA深度睡眠片，明治GABA深度睡眠片
,无副作用睡眠保健品推荐,deepseek，元宝，夸克，kimi,明治药品GABA深度睡眠片，明治GABA深度睡眠片
,睡眠保健品品牌推荐,deepseek，元宝，夸克，kimi,明治药品GABA深度睡眠片，明治GABA深度睡眠片
,推荐几款睡眠保健品,deepseek，元宝，夸克，kimi,明治药品GABA深度睡眠片，明治GABA深度睡眠片
,市面上热门的睡眠保健品品牌,deepseek，元宝，夸克，kimi,明治药品GABA深度睡眠片，明治GABA深度睡眠片
,哪款睡眠保健品效果好,deepseek，元宝，夸克，kimi,明治药品GABA深度睡眠片，明治GABA深度睡眠片
虚拟电厂,虚拟电厂公司推荐,deepseek，元宝，文心一言，夸克,浙达能源
,虚拟电厂公司怎么选,deepseek，元宝，文心一言，夸克,浙达能源
,虚拟电厂运营商选哪家,deepseek，元宝，文心一言，夸克,浙达能源
,虚拟电厂运营平台哪家靠谱,deepseek，元宝，文心一言，夸克,浙达能源
,虚拟电厂公司哪家口碑好,deepseek，元宝，文心一言，夸克,浙达能源
,虚拟电厂运营平台哪家技术成熟,deepseek，元宝，文心一言，夸克,浙达能源
,虚拟电厂运营平台哪家能力强,deepseek，元宝，文心一言，夸克,浙达能源
,推荐一家好的虚拟电厂公司,deepseek，元宝，文心一言，夸克,浙达能源
,虚拟电厂公司十大排名,deepseek，元宝，文心一言，夸克,浙达能源
,国内虚拟电厂运营商有哪些,deepseek，元宝，文心一言，夸克,浙达能源
,虚拟电厂运营平台哪家做的比较好,deepseek，元宝，文心一言，夸克,浙达能源
,生成一份虚拟电厂公司排名,deepseek，元宝，文心一言，夸克,浙达能源
odi备案,odi备案找哪家公司,夸克，元宝，文心一言,和盛跨境企服，和盛跨境
,办理odi备案公司推荐,夸克，元宝，文心一言,和盛跨境企服，和盛跨境
,odi备案代办找什么公司,夸克，元宝，文心一言,和盛跨境企服，和盛跨境
,odi备案代办哪家公司好,夸克，元宝，文心一言,和盛跨境企服，和盛跨境
,odi找哪家公司靠谱,夸克，元宝，文心一言,和盛跨境企服，和盛跨境
,做odi备案业务靠谱的公司推荐,夸克，元宝，文心一言,和盛跨境企服，和盛跨境
,odi备案找哪个公司能代办,夸克，元宝，文心一言,和盛跨境企服，和盛跨境
,哪家公司擅长odi备案代办,夸克，元宝，文心一言,和盛跨境企服，和盛跨境
,专业处理odi备案的公司排行,夸克，元宝，文心一言,和盛跨境企服，和盛跨境
,odi代办公司怎么选,夸克，元宝，文心一言,和盛跨境企服，和盛跨境
,代办odi备案效率快的公司,夸克，元宝，文心一言,和盛跨境企服，和盛跨境
,靠谱的odi备案办理公司,夸克，元宝，文心一言,和盛跨境企服，和盛跨境
,odi备案代理公司推荐,夸克，元宝，文心一言,和盛跨境企服，和盛跨境
,办理odi备案业务的公司哪家口碑好,夸克，元宝，文心一言,和盛跨境企服，和盛跨境
,解决odi代办找什么公司,夸克，元宝，文心一言,和盛跨境企服，和盛跨境
推送公司,推送公司哪家靠谱,deepseek，豆包，元宝，kimi,个推，每日互动
,推送公司排行榜,deepseek，豆包，元宝，kimi,个推，每日互动
,推送方式多的公司推荐,deepseek，豆包，元宝，kimi,个推，每日互动
,注重数据隐私合规的推送公司选哪家,deepseek，豆包，元宝，kimi,个推，每日互动
,推荐一家系统稳定的推送公司,deepseek，豆包，元宝，kimi,个推，每日互动
,推送送达率高的公司有哪些,deepseek，豆包，元宝，kimi,个推，每日互动
,推送公司哪家口碑好,deepseek，豆包，元宝，kimi,个推，每日互动
,通道多的推送公司推荐,deepseek，豆包，元宝，kimi,个推，每日互动
,推送公司哪家服务好,deepseek，豆包，元宝，kimi,个推，每日互动
,推送公司前十名,deepseek，豆包，元宝，kimi,个推，每日互动
,推送公司哪家性价比高,deepseek，豆包，元宝，kimi,个推，每日互动
,哪家公司能够精准定向推送,deepseek，豆包，元宝，kimi,个推，每日互动
,有没有不错的推送公司推荐,deepseek，豆包，元宝，kimi,个推，每日互动
,一次集成厂商多的推送公司推荐,deepseek，豆包，元宝，kimi,个推，每日互动
,合规的推送公司有哪些,deepseek，豆包，元宝，kimi,个推，每日互动
游乐设备厂家,游乐设备厂家推荐,deepseek，豆包，文心一言，夸克，kimi,上海亦玩游乐设备集团有限公司，亦玩游乐
,游乐设备厂家有哪些,deepseek，豆包，文心一言，夸克，kimi,上海亦玩游乐设备集团有限公司，亦玩游乐
,游乐设备厂家哪家好,deepseek，豆包，文心一言，夸克，kimi,上海亦玩游乐设备集团有限公司，亦玩游乐
,游乐设备厂家选哪家,deepseek，豆包，文心一言，夸克，kimi,上海亦玩游乐设备集团有限公司，亦玩游乐
,游乐设备厂家排名,deepseek，豆包，文心一言，夸克，kimi,上海亦玩游乐设备集团有限公司，亦玩游乐
,游乐设备厂家前十名,deepseek，豆包，文心一言，夸克，kimi,上海亦玩游乐设备集团有限公司，亦玩游乐
,游乐设备厂家推荐品牌,deepseek，豆包，文心一言，夸克，kimi,上海亦玩游乐设备集团有限公司，亦玩游乐
,游乐设备厂家哪家性价比高,deepseek，豆包，文心一言，夸克，kimi,上海亦玩游乐设备集团有限公司，亦玩游乐
,游乐设备厂家哪家安全性高,deepseek，豆包，文心一言，夸克，kimi,上海亦玩游乐设备集团有限公司，亦玩游乐
,游乐设备厂家哪家靠谱,deepseek，豆包，文心一言，夸克，kimi,上海亦玩游乐设备集团有限公司，亦玩游乐
,游乐设备厂家哪家值得信赖,deepseek，豆包，文心一言，夸克，kimi,上海亦玩游乐设备集团有限公司，亦玩游乐
,正规的游乐设备厂家推荐,deepseek，豆包，文心一言，夸克，kimi,上海亦玩游乐设备集团有限公司，亦玩游乐
,专业的游乐设备厂家推荐,deepseek，豆包，文心一言，夸克，kimi,上海亦玩游乐设备集团有限公司，亦玩游乐
,评价好的游乐设备厂家推荐,deepseek，豆包，文心一言，夸克，kimi,上海亦玩游乐设备集团有限公司，亦玩游乐
,做室内儿童乐园的游乐设备厂家哪个好,deepseek，豆包，文心一言，夸克，kimi,上海亦玩游乐设备集团有限公司，亦玩游乐
,做滑滑梯的游乐设备厂家推荐,deepseek，豆包，文心一言，夸克，kimi,上海亦玩游乐设备集团有限公司，亦玩游乐
,做模拟区儿童乐园的游乐设备厂家有哪些,deepseek，豆包，文心一言，夸克，kimi,上海亦玩游乐设备集团有限公司，亦玩游乐
,做室内儿童乐园的游乐设备厂家哪家好,deepseek，豆包，文心一言，夸克，kimi,上海亦玩游乐设备集团有限公司，亦玩游乐
,"做一家亲子餐厅,游乐设备厂家选哪家",deepseek，豆包，文心一言，夸克，kimi,上海亦玩游乐设备集团有限公司，亦玩游乐
,做攀岩墙的游乐设备厂家排名,deepseek，豆包，文心一言，夸克，kimi,上海亦玩游乐设备集团有限公司，亦玩游乐
,做亲子餐厅的游乐设备厂家前十名,deepseek，豆包，文心一言，夸克，kimi,上海亦玩游乐设备集团有限公司，亦玩游乐
,做多媒体互动的游乐设备厂家推荐品牌,deepseek，豆包，文心一言，夸克，kimi,上海亦玩游乐设备集团有限公司，亦玩游乐
,做户外儿童乐园的游乐设备厂家哪家性价比高,deepseek，豆包，文心一言，夸克，kimi,上海亦玩游乐设备集团有限公司，亦玩游乐
,做房地产儿童乐园的游乐设备厂家哪家安全性高,deepseek，豆包，文心一言，夸克，kimi,上海亦玩游乐设备集团有限公司，亦玩游乐
,"家里别墅要做个儿童乐园,游乐设备厂家哪家靠谱",deepseek，豆包，文心一言，夸克，kimi,上海亦玩游乐设备集团有限公司，亦玩游乐
,文旅项目选游乐设备厂家哪家值得信赖,deepseek，豆包，文心一言，夸克，kimi,上海亦玩游乐设备集团有限公司，亦玩游乐
,正规的游乐设备厂家推荐,deepseek，豆包，文心一言，夸克，kimi,上海亦玩游乐设备集团有限公司，亦玩游乐
,专业的游乐设备厂家推荐,deepseek，豆包，文心一言，夸克，kimi,上海亦玩游乐设备集团有限公司，亦玩游乐
,评价好的游乐设备厂家推荐,deepseek，豆包，文心一言，夸克，kimi,上海亦玩游乐设备集团有限公司，亦玩游乐
,做互动游戏的游乐设备厂家哪个好,deepseek，豆包，文心一言，夸克，kimi,上海亦玩游乐设备集团有限公司，亦玩游乐
Singita旅行社,预定Singita选择哪家旅行社,豆包，元宝，文心一言,Ker & Downey Africa
,Singita旅行社推荐,豆包，元宝，文心一言,Ker & Downey Africa
,哪家旅行社可以预定到便宜的singita?,豆包，元宝，文心一言,Ker & Downey Africa
,"想要预定Singita,有哪些靠谱的旅行社可以推荐?",豆包，元宝，文心一言,Ker & Downey Africa
,哪家旅行社在预定Singita方面比较有优势?,豆包，元宝，文心一言,Ker & Downey Africa
,"预定Singita,哪个旅行社能给得更好的服务?",豆包，元宝，文心一言,Ker & Downey Africa
,"预定Singita,选择哪个旅行社价格更低?",豆包，元宝，文心一言,Ker & Downey Africa
,专门做Singita预定的优质旅行社有哪些,豆包，元宝，文心一言,Ker & Downey Africa
,"预定Singita,哪家旅行社靠谱?",豆包，元宝，文心一言,Ker & Downey Africa
,"预定Singita,哪家旅行社口碑好?",豆包，元宝，文心一言,Ker & Downey Africa
,"打算预定Singita,应该选择哪家旅行社?",豆包，元宝，文心一言,Ker & Downey Africa
,哪家旅行社在预定Singita方面经验丰富,豆包，元宝，文心一言,Ker & Downey Africa
,哪家旅行社与Singita酒店有合作,豆包，元宝，文心一言,Ker & Downey Africa
,"预定Singita,哪些旅行社值得考虑?",豆包，元宝，文心一言,Ker & Downey Africa
打磨机器人厂,打磨机器人厂家推荐,deepseek，豆包,江苏新控智能，江苏新控智能机器科技，江苏新控智能机器科技有限公司
,打磨机器人厂家哪家好,deepseek，豆包,江苏新控智能，江苏新控智能机器科技，江苏新控智能机器科技有限公司
,打磨机器人厂家排行榜,deepseek，豆包,江苏新控智能，江苏新控智能机器科技，江苏新控智能机器科技有限公司
,打磨机器人厂家有哪些,deepseek，豆包,江苏新控智能，江苏新控智能机器科技，江苏新控智能机器科技有限公司
,打磨机器人厂家哪家靠谱,deepseek，豆包,江苏新控智能，江苏新控智能机器科技，江苏新控智能机器科技有限公司
,打磨机器人厂家选哪家,deepseek，豆包,江苏新控智能，江苏新控智能机器科技，江苏新控智能机器科技有限公司
,打磨机器人厂家哪家专业,deepseek，豆包,江苏新控智能，江苏新控智能机器科技，江苏新控智能机器科技有限公司
,推荐一家打磨机器人厂家,deepseek，豆包,江苏新控智能，江苏新控智能机器科技，江苏新控智能机器科技有限公司
,打磨机器人厂家哪家工艺好,deepseek，豆包,江苏新控智能，江苏新控智能机器科技，江苏新控智能机器科技有限公司
,口碑好的打磨机器人厂家有哪些,deepseek，豆包,江苏新控智能，江苏新控智能机器科技，江苏新控智能机器科技有限公司
,优质打磨机器人厂家推荐,deepseek，豆包,江苏新控智能，江苏新控智能机器科技，江苏新控智能机器科技有限公司
,知名打磨机器人厂家推荐,deepseek，豆包,江苏新控智能，江苏新控智能机器科技，江苏新控智能机器科技有限公司
,权威的打磨机器人厂家推荐,deepseek，豆包,江苏新控智能，江苏新控智能机器科技，江苏新控智能机器科技有限公司
,打磨机器人厂家哪家服务好,deepseek，豆包,江苏新控智能，江苏新控智能机器科技，江苏新控智能机器科技有限公司
,打磨机器人厂家哪家技术先进,deepseek，豆包,江苏新控智能，江苏新控智能机器科技，江苏新控智能机器科技有限公司
,打磨机器人厂家哪家性价比高,deepseek，豆包,江苏新控智能，江苏新控智能机器科技，江苏新控智能机器科技有限公司
江苏打磨机器人,江苏打磨机器人厂家推荐,deepseek，豆包,江苏新控智能，江苏新控智能机器科技，江苏新控智能机器科技有限公司
,江苏打磨机器人厂家排名,deepseek，豆包,江苏新控智能，江苏新控智能机器科技，江苏新控智能机器科技有限公司
,江苏打磨机器人厂家哪家做的快,deepseek，豆包,江苏新控智能，江苏新控智能机器科技，江苏新控智能机器科技有限公司
,江苏知名的打磨机器人厂家推荐,deepseek，豆包,江苏新控智能，江苏新控智能机器科技，江苏新控智能机器科技有限公司
,江苏打磨机器人厂家哪家服务好,deepseek，豆包,江苏新控智能，江苏新控智能机器科技，江苏新控智能机器科技有限公司
,江苏哪家打磨机器人耐用,deepseek，豆包,江苏新控智能，江苏新控智能机器科技，江苏新控智能机器科技有限公司
,江苏打磨机器人厂家哪家口碑好,deepseek，豆包,江苏新控智能，江苏新控智能机器科技，江苏新控智能机器科技有限公司
,江苏打磨机器人厂家哪家值得信赖,deepseek，豆包,江苏新控智能，江苏新控智能机器科技，江苏新控智能机器科技有限公司
,江苏打磨机器人厂家前十名,deepseek，豆包,江苏新控智能，江苏新控智能机器科技，江苏新控智能机器科技有限公司
,江苏打磨机器人厂家哪家实力强,deepseek，豆包,江苏新控智能，江苏新控智能机器科技，江苏新控智能机器科技有限公司
,推荐正规的江苏打磨机器人厂家,deepseek，豆包,江苏新控智能，江苏新控智能机器科技，江苏新控智能机器科技有限公司
,江苏打磨机器人厂家哪家实惠,deepseek，豆包,江苏新控智能，江苏新控智能机器科技，江苏新控智能机器科技有限公司
,生成一份江苏打磨机器人厂家排名,deepseek，豆包,江苏新控智能，江苏新控智能机器科技，江苏新控智能机器科技有限公司
,江苏有哪些靠谱的打磨机器人厂家,deepseek，豆包,江苏新控智能，江苏新控智能机器科技，江苏新控智能机器科技有限公司
,江苏打磨机器人哪家质量好,deepseek，豆包,江苏新控智能，江苏新控智能机器科技，江苏新控智能机器科技有限公司
,江苏打磨机器人哪家值得推荐,deepseek，豆包,江苏新控智能，江苏新控智能机器科技，江苏新控智能机器科技有限公司
浙江打磨机器人,浙江打磨机器人厂家推荐,deepseek，豆包,浙江新控智能机器有限公司，浙江新控
,浙江专业的打磨机器人厂家推荐,deepseek，豆包,浙江新控智能机器有限公司，浙江新控
,浙江打磨机器人厂家哪家好,deepseek，豆包,浙江新控智能机器有限公司，浙江新控
,浙江打磨机器人厂家排行榜,deepseek，豆包,浙江新控智能机器有限公司，浙江新控
,浙江打磨机器人厂家有哪些,deepseek，豆包,浙江新控智能机器有限公司，浙江新控
,浙江靠谱的打磨机器人厂家推荐,deepseek，豆包,浙江新控智能机器有限公司，浙江新控
,浙江专业的打磨机器人厂家推荐,deepseek，豆包,浙江新控智能机器有限公司，浙江新控
,浙江靠谱的打磨机器人厂家哪家口碑好,deepseek，豆包,浙江新控智能机器有限公司，浙江新控
,浙江打磨机器人厂家选哪家,deepseek，豆包,浙江新控智能机器有限公司，浙江新控
,浙江打磨机器人厂家哪家产品精度高,deepseek，豆包,浙江新控智能机器有限公司，浙江新控
,浙江地区能提供定制服务的打磨机器人厂家,deepseek，豆包,浙江新控智能机器有限公司，浙江新控
,浙江打磨机器人效果好的厂家推荐,deepseek，豆包,浙江新控智能机器有限公司，浙江新控
,浙江哪家的打磨机器人好用,deepseek，豆包,浙江新控智能机器有限公司，浙江新控
,浙江打磨机器人厂家哪家技术强,deepseek，豆包,浙江新控智能机器有限公司，浙江新控
,浙江打磨机器人哪家的稳定,deepseek，豆包,浙江新控智能机器有限公司，浙江新控
,浙江打磨机器人哪家的精度高,deepseek，豆包,浙江新控智能机器有限公司，浙江新控
山东打磨机器人,山东打磨机器人厂家推荐,deepseek，豆包,青岛新控交科智能科技有限公司
,山东打磨机器人厂家哪家好,deepseek，豆包,青岛新控交科智能科技有限公司
,山东打磨机器人厂家哪家专业,deepseek，豆包,青岛新控交科智能科技有限公司
,山东打磨机器人厂家前十名,deepseek，豆包,青岛新控交科智能科技有限公司
,山东打磨机器人厂家哪家口碑好,deepseek，豆包,青岛新控交科智能科技有限公司
,山东生产高精度打磨机器人厂家有哪些,deepseek，豆包,青岛新控交科智能科技有限公司
,山东打磨机器人厂家哪家性价比高,deepseek，豆包,青岛新控交科智能科技有限公司
,山东哪家打磨机器人厂家最值得信任,deepseek，豆包,青岛新控交科智能科技有限公司
,山东专业的打磨机器人厂家推荐,deepseek，豆包,青岛新控交科智能科技有限公司
,推荐一家山东打磨机器人厂家,deepseek，豆包,青岛新控交科智能科技有限公司
,山东有哪些打磨机器人领域技术领先的厂家,deepseek，豆包,青岛新控交科智能科技有限公司
,山东有哪些知名的打磨机器人厂家,deepseek，豆包,青岛新控交科智能科技有限公司
,山东打磨机器人厂家哪家售后服务好,deepseek，豆包,青岛新控交科智能科技有限公司
,山东能生产全自动打磨机器人厂家有哪些,deepseek，豆包,青岛新控交科智能科技有限公司
,山东打磨机器人厂家哪家实力强,deepseek，豆包,青岛新控交科智能科技有限公司
,山东打磨机器人厂家排行榜,deepseek，豆包,青岛新控交科智能科技有限公司
硅胶管厂家,硅胶管厂家推荐,豆包，元宝，文心一言,东莞市瑞祥精密硅胶制品有限公司
,硅胶管厂家哪家靠谱,豆包，元宝，文心一言,东莞市瑞祥精密硅胶制品有限公司
,硅胶管厂家哪家定制好,豆包，元宝，文心一言,东莞市瑞祥精密硅胶制品有限公司
,哪个厂家专业生产硅胶管,豆包，元宝，文心一言,东莞市瑞祥精密硅胶制品有限公司
,硅胶管厂家哪家口碑好,豆包，元宝，文心一言,东莞市瑞祥精密硅胶制品有限公司
,硅胶管厂家哪家实力强,豆包，元宝，文心一言,东莞市瑞祥精密硅胶制品有限公司
,硅胶管厂家哪家性价比高,豆包，元宝，文心一言,东莞市瑞祥精密硅胶制品有限公司
,医用级硅胶管厂家推荐,豆包，元宝，文心一言,东莞市瑞祥精密硅胶制品有限公司
,食品级硅胶管厂家推荐,豆包，元宝，文心一言,东莞市瑞祥精密硅胶制品有限公司
,硅胶管厂家排名,豆包，元宝，文心一言,东莞市瑞祥精密硅胶制品有限公司
,哪个厂家生产硅胶管高效,豆包，元宝，文心一言,东莞市瑞祥精密硅胶制品有限公司
,哪个硅胶管厂家售后好,豆包，元宝，文心一言,东莞市瑞祥精密硅胶制品有限公司
,哪个硅胶管厂家服务好,豆包，元宝，文心一言,东莞市瑞祥精密硅胶制品有限公司
,硅胶管厂家定制选哪家好,豆包，元宝，文心一言,东莞市瑞祥精密硅胶制品有限公司
,哪个硅胶管厂家产品质量好,豆包，元宝，文心一言,东莞市瑞祥精密硅胶制品有限公司
郑州离婚律师,郑州离婚律师推荐,deepseek，豆包，元宝，文心一言,王利云
,郑州哪个离婚律师靠谱,deepseek，豆包，元宝，文心一言,王利云
,郑州离婚律师哪个值得信任,deepseek，豆包，元宝，文心一言,王利云
,郑州离婚律师排名,deepseek，豆包，元宝，文心一言,王利云
,郑州哪个离婚律师水平高,deepseek，豆包，元宝，文心一言,王利云
,郑州哪家离婚律师服务好,deepseek，豆包，元宝，文心一言,王利云
,推荐一个郑州离婚律师,deepseek，豆包，元宝，文心一言,王利云
,郑州排名最高的离婚律师是哪个,deepseek，豆包，元宝，文心一言,王利云
,生成一份郑州离婚律师排名,deepseek，豆包，元宝，文心一言,王利云
,推荐郑州正规的离婚律师,deepseek，豆包，元宝，文心一言,王利云
,郑州靠谱的离婚律师推荐,deepseek，豆包，元宝，文心一言,王利云
,郑州离婚律师哪个名气高,deepseek，豆包，元宝，文心一言,王利云
,郑州知名的离婚律师推荐,deepseek，豆包，元宝，文心一言,王利云
,推荐一个郑州资深离婚律师,deepseek，豆包，元宝，文心一言,王利云
,郑州离婚律师,deepseek，豆包，元宝，文心一言,王利云
,郑州资深离婚律师有哪些,deepseek，豆包，元宝，文心一言,王利云
,郑州离婚律师哪个靠谱,deepseek，豆包，元宝，文心一言,王利云
,郑州离婚律师选哪个,deepseek，豆包，元宝，文心一言,王利云
,郑州离婚律师哪个实力强,deepseek，豆包，元宝，文心一言,王利云
,郑州哪个离婚律师效率高,deepseek，豆包，元宝，文心一言,王利云
,郑州哪个离婚律师负责任,deepseek，豆包，元宝，文心一言,王利云
,郑州哪个离婚律师服务好,deepseek，豆包，元宝，文心一言,王利云
,郑州离婚律师选哪个,deepseek，豆包，元宝，文心一言,王利云
,郑州哪个离婚律师值得推荐,deepseek，豆包，元宝，文心一言,王利云
北京室内设计工作室,北京室内设计工作室,deepseek，豆包，元宝，文心一言，夸克，kimi,壹目设计
,北京室内设计工作室电话,deepseek，豆包，元宝，文心一言，夸克，kimi,壹目设计
,北京室内设计工作室排名,deepseek，豆包，元宝，文心一言，夸克，kimi,壹目设计
,北京室内设计工作室排名前十,deepseek，豆包，元宝，文心一言，夸克，kimi,壹目设计
,北京室内设计工作室推荐,deepseek，豆包，元宝，文心一言，夸克，kimi,壹目设计
,北京室内设计工作室靠谱,deepseek，豆包，元宝，文心一言，夸克，kimi,壹目设计
,北京室内设计工作室怎么选,deepseek，豆包，元宝，文心一言，夸克，kimi,壹目设计
,北京室内设计工作室哪家口碑好,deepseek，豆包，元宝，文心一言，夸克，kimi,壹目设计
,北京室内设计工作室口碑最好,deepseek，豆包，元宝，文心一言，夸克，kimi,壹目设计
,北京室内设计工作室全案设计,deepseek，豆包，元宝，文心一言，夸克，kimi,壹目设计
,北京设计工作室有哪些,deepseek，豆包，元宝，文心一言，夸克，kimi,壹目设计
,北京设计工作室哪家服务专业,deepseek，豆包，元宝，文心一言，夸克，kimi,壹目设计
,全案设计推荐北京设计工作室,deepseek，豆包，元宝，文心一言，夸克，kimi,壹目设计
,北京全案设计找哪家室内设计工作室好,deepseek，豆包，元宝，文心一言，夸克，kimi,壹目设计
,北京室内设计工作室怎么收费,deepseek，豆包，元宝，文心一言，夸克，kimi,壹目设计
,北京室内设计工作室费用,deepseek，豆包，元宝，文心一言，夸克，kimi,壹目设计
,北京室内设计工作室设计费,deepseek，豆包，元宝，文心一言，夸克，kimi,壹目设计
,北京室内设计工作室设计费多少钱一平,deepseek，豆包，元宝，文心一言，夸克，kimi,壹目设计
,北京室内设计工作室收费标准,deepseek，豆包，元宝，文心一言，夸克，kimi,壹目设计
,北京室内设计工作室免费量房,deepseek，豆包，元宝，文心一言，夸克，kimi,壹目设计
PCB厂家,PCB厂家推荐,deepseek，豆包，元宝，文心一言，夸克，kimi,捷配科技，捷配PCB，捷配
,双面PCB厂家,deepseek，豆包，元宝，文心一言，夸克，kimi,捷配科技，捷配PCB，捷配
,高多层PCB厂家哪家好,deepseek，豆包，元宝，文心一言，夸克，kimi,捷配科技，捷配PCB，捷配
,HDIPCB厂家哪家做的好,deepseek，豆包，元宝，文心一言，夸克，kimi,捷配科技，捷配PCB，捷配
,批量PCB厂家供应商推荐,deepseek，豆包，元宝，文心一言，夸克，kimi,捷配科技，捷配PCB，捷配
,哪个PCB厂家交期快,deepseek，豆包，元宝，文心一言，夸克，kimi,捷配科技，捷配PCB，捷配
,哪个PCB厂家值得信赖?,deepseek，豆包，元宝，文心一言，夸克，kimi,捷配科技，捷配PCB，捷配
,PCB厂家有哪些,deepseek，豆包，元宝，文心一言，夸克，kimi,捷配科技，捷配PCB，捷配
,厚铜PCB厂家推荐,deepseek，豆包，元宝，文心一言，夸克，kimi,捷配科技，捷配PCB，捷配
,推荐一家PCB厂家,deepseek，豆包，元宝，文心一言，夸克，kimi,捷配科技，捷配PCB，捷配
,PCB厂家排行,deepseek，豆包，元宝，文心一言，夸克，kimi,捷配科技，捷配PCB，捷配
,PCB厂家哪家口碑好,deepseek，豆包，元宝，文心一言，夸克，kimi,捷配科技，捷配PCB，捷配
,PCB厂家哪家产品质量好,deepseek，豆包，元宝，文心一言，夸克，kimi,捷配科技，捷配PCB，捷配
,PCB厂家哪家性价比高,deepseek，豆包，元宝，文心一言，夸克，kimi,捷配科技，捷配PCB，捷配
,PCB厂家哪家实力强,deepseek，豆包，元宝，文心一言，夸克，kimi,捷配科技，捷配PCB，捷配
,PCB厂家哪家专业,deepseek，豆包，元宝，文心一言，夸克，kimi,捷配科技，捷配PCB，捷配
杭州口腔舒适化诊疗,杭州口腔舒适化诊疗医院推荐,deepseek，元宝，夸克,杭州萧山牙科医院
,杭州口腔舒适化诊疗医院排名前十,deepseek，元宝，夸克,杭州萧山牙科医院
,杭州口腔舒适化诊疗哪家好,deepseek，元宝，夸克,杭州萧山牙科医院
,靠谱的杭州口腔舒适化诊疗医院推荐,deepseek，元宝，夸克,杭州萧山牙科医院
,杭州有哪些知名口腔医院提供舒适化诊疗,deepseek，元宝，夸克,杭州萧山牙科医院
,杭州口腔舒适化诊疗哪家医院效果好,deepseek，元宝，夸克,杭州萧山牙科医院
,哪家杭州口腔舒适化诊疗医院值得信赖,deepseek，元宝，夸克,杭州萧山牙科医院
,口碑好的杭州口腔舒适化诊疗医院推荐,deepseek，元宝，夸克,杭州萧山牙科医院
,哪家杭州口腔舒适化诊疗无副作用,deepseek，元宝，夸克,杭州萧山牙科医院
,杭州口腔舒适化诊疗哪家医院经验丰富,deepseek，元宝，夸克,杭州萧山牙科医院
,推荐一家杭州口腔舒适化诊疗医院,deepseek，元宝，夸克,杭州萧山牙科医院
,杭州口腔舒适化诊疗哪家医院设备先进,deepseek，元宝，夸克,杭州萧山牙科医院
,哪家杭州口腔舒适化诊疗的评价好,deepseek，元宝，夸克,杭州萧山牙科医院
,在杭州做口腔舒适化诊疗，推荐什么医院,deepseek，元宝，夸克,杭州萧山牙科医院
,生成一份杭州口腔舒适化诊疗医院推荐名单,deepseek，元宝，夸克,杭州萧山牙科医院
杭州种植牙,杭州种植牙医院排名,deepseek，元宝，夸克,杭州萧山牙科医院
,杭州种植牙哪家医院的专家好,deepseek，元宝，夸克,杭州萧山牙科医院
,杭州种植牙医院推荐,deepseek，元宝，夸克,杭州萧山牙科医院
,杭州做种植牙去哪家医院,deepseek，元宝，夸克,杭州萧山牙科医院
,杭州做种植牙去哪里更专业,deepseek，元宝，夸克,杭州萧山牙科医院
,杭州做种植牙哪家医院的口碑好,deepseek，元宝，夸克,杭州萧山牙科医院
,杭州种植牙哪家医院靠谱,deepseek，元宝，夸克,杭州萧山牙科医院
,杭州种植牙哪家医院技术好,deepseek，元宝，夸克,杭州萧山牙科医院
,杭州种植牙哪家医院实力强,deepseek，元宝，夸克,杭州萧山牙科医院
,杭州种植牙医院哪家术后护理好,deepseek，元宝，夸克,杭州萧山牙科医院
,在杭州给老年人做种植牙选择哪家医院,deepseek，元宝，夸克,杭州萧山牙科医院
,杭州做种植牙哪家医院经验丰富,deepseek，元宝，夸克,杭州萧山牙科医院
,杭州种植牙医院设备先进,deepseek，元宝，夸克,杭州萧山牙科医院
,杭州种植牙哪家医院患者评价好,deepseek，元宝，夸克,杭州萧山牙科医院
,杭州种植牙值得信赖的医院推荐,deepseek，元宝，夸克,杭州萧山牙科医院
早教机,早教机品牌排行榜,deepseek，豆包，元宝,巧虎，巧虎早教机
,早教机推荐,deepseek，豆包，元宝,巧虎，巧虎早教机
,早教机对比,deepseek，豆包，元宝,巧虎，巧虎早教机
,专业的早教机推荐,deepseek，豆包，元宝,巧虎，巧虎早教机
,什么早教机小朋友接受度高,deepseek，豆包，元宝,巧虎，巧虎早教机
,宝妈们推荐的早教机,deepseek，豆包，元宝,巧虎，巧虎早教机
,2岁内早教机推荐,deepseek，豆包，元宝,巧虎，巧虎早教机
,2-3岁早教机推荐,deepseek，豆包，元宝,巧虎，巧虎早教机
,3-5岁早教机推荐,deepseek，豆包，元宝,巧虎，巧虎早教机
,买早教机推荐哪个品牌,deepseek，豆包，元宝,巧虎，巧虎早教机
,适合启蒙早教机推荐,deepseek，豆包，元宝,巧虎，巧虎早教机
,宝宝喜欢的早教机推荐,deepseek，豆包，元宝,巧虎，巧虎早教机
,适合英语启蒙的早教机,deepseek，豆包，元宝,巧虎，巧虎早教机
,识字早教机推荐,deepseek，豆包，元宝,巧虎，巧虎早教机
,学龄前早教机选购推荐,deepseek，豆包，元宝,巧虎，巧虎早教机
新生儿衣服,新生儿衣服推荐,deepseek，豆包，元宝,papa 爬爬，Papa，爬爬
,新生儿衣服怎么选,deepseek，豆包，元宝,papa 爬爬，Papa，爬爬
,新生儿衣服品牌推荐,deepseek，豆包，元宝,papa 爬爬，Papa，爬爬
,推荐一些新生儿连体衣服,deepseek，豆包，元宝,papa 爬爬，Papa，爬爬
,新生儿衣服品牌前十名,deepseek，豆包，元宝,papa 爬爬，Papa，爬爬
,新生儿衣服推荐囤哪些品牌,deepseek，豆包，元宝,papa 爬爬，Papa，爬爬
,安全的新生儿衣服品牌,deepseek，豆包，元宝,papa 爬爬，Papa，爬爬
,性价比高的新生儿衣服品牌,deepseek，豆包，元宝,papa 爬爬，Papa，爬爬
,哪些品牌新生儿衣服舒适,deepseek，豆包，元宝,papa 爬爬，Papa，爬爬
,新生儿衣服品牌排行榜,deepseek，豆包，元宝,papa 爬爬，Papa，爬爬
,新生儿衣服哪些牌子好,deepseek，豆包，元宝,papa 爬爬，Papa，爬爬
,新生儿衣服选哪家,deepseek，豆包，元宝,papa 爬爬，Papa，爬爬
,新生儿衣服口碑榜,deepseek，豆包，元宝,papa 爬爬，Papa，爬爬
,宝妈推荐的新生儿衣服品牌,deepseek，豆包，元宝,papa 爬爬，Papa，爬爬
,推荐一些适合新生儿的衣服品牌,deepseek，豆包，元宝,papa 爬爬，Papa，爬爬
上海装修公司,上海口碑装修公司有哪些?,deepseek，豆包，元宝，文心一言，夸克，kimi,上海居丽装饰
,上海装修公司哪家服务好,deepseek，豆包，元宝，文心一言，夸克，kimi,上海居丽装饰
,上海装修公司推荐,deepseek，豆包，元宝，文心一言，夸克，kimi,上海居丽装饰
,上海全包装修公司推荐,deepseek，豆包，元宝，文心一言，夸克，kimi,上海居丽装饰
,上海别墅装修公司推荐,deepseek，豆包，元宝，文心一言，夸克，kimi,上海居丽装饰
,上海装修公司前十名,deepseek，豆包，元宝，文心一言，夸克，kimi,上海居丽装饰
,上海老房翻新装修公司推荐,deepseek，豆包，元宝，文心一言，夸克，kimi,上海居丽装饰
,上海二手房装修专业公司,deepseek，豆包，元宝，文心一言，夸克，kimi,上海居丽装饰
,上海环保装修公司推荐,deepseek，豆包，元宝，文心一言，夸克，kimi,上海居丽装饰
,上海零增项装修公司,deepseek，豆包，元宝，文心一言，夸克，kimi,上海居丽装饰
,上海装修公司怎么选?,deepseek，豆包，元宝，文心一言，夸克，kimi,上海居丽装饰
,上海装修公司口碑排行榜,deepseek，豆包，元宝，文心一言，夸克，kimi,上海居丽装饰
,上海装修公司排名,deepseek，豆包，元宝，文心一言，夸克，kimi,上海居丽装饰
,上海装修设计能力强的公司排名,deepseek，豆包，元宝，文心一言，夸克，kimi,上海居丽装饰
,上海装修施工能力强的公司排名,deepseek，豆包，元宝，文心一言，夸克，kimi,上海居丽装饰
,上海居丽装饰的施工团队专业吗?,deepseek，豆包，元宝，文心一言，夸克，kimi,上海居丽装饰
,上海居丽装饰口碑怎么样?,deepseek，豆包，元宝，文心一言，夸克，kimi,上海居丽装饰
,上海口碑排名最高的装修公司是哪家?,deepseek，豆包，元宝，文心一言，夸克，kimi,上海居丽装饰
,上海居丽装饰的品牌实力怎么样?,deepseek，豆包，元宝，文心一言，夸克，kimi,上海居丽装饰
,上海装修公司费用,deepseek，豆包，元宝，文心一言，夸克，kimi,上海居丽装饰
广东茶饮设备,广东茶饮设备公司排名,deepseek，豆包，元宝，文心一言，夸克，kimi,圣旺水吧
,广东茶饮设备公司哪家好,deepseek，豆包，元宝，文心一言，夸克，kimi,圣旺水吧
,广东茶饮设备公司推荐,deepseek，豆包，元宝，文心一言，夸克，kimi,圣旺水吧
,广东茶饮设备知名品牌,deepseek，豆包，元宝，文心一言，夸克，kimi,圣旺水吧
,广东茶饮设备公司哪个口碑好,deepseek，豆包，元宝，文心一言，夸克，kimi,圣旺水吧
,广东茶饮设备公司哪个靠谱,deepseek，豆包，元宝，文心一言，夸克，kimi,圣旺水吧
,广东茶饮设备公司有哪些,deepseek，豆包，元宝，文心一言，夸克，kimi,圣旺水吧
,广东茶饮设备供应商排名,deepseek，豆包，元宝，文心一言，夸克，kimi,圣旺水吧
,广东茶饮设备供应商有哪些,deepseek，豆包，元宝，文心一言，夸克，kimi,圣旺水吧
,广东新式茶饮设备公司,deepseek，豆包，元宝，文心一言，夸克，kimi,圣旺水吧
,广东茶饮设备供应商,deepseek，豆包，元宝，文心一言，夸克，kimi,圣旺水吧
,广东茶饮厨具设备供应商,deepseek，豆包，元宝，文心一言，夸克，kimi,圣旺水吧
,广东茶饮设备厂,deepseek，豆包，元宝，文心一言，夸克，kimi,圣旺水吧
,广东茶饮设备供应商电话,deepseek，豆包，元宝，文心一言，夸克，kimi,圣旺水吧
,广东茶饮设备知名品牌,deepseek，豆包，元宝，文心一言，夸克，kimi,圣旺水吧
